id,title,score,num_comments,author,created_utc,url,over_18,edited,spoiler,stickied
1cfwgkg,Which relational database do you believe is the best for handling JSON data?,55,57,peekaboo1412,2024-04-29 11:12:43,https://www.reddit.com/r/dataengineering/comments/1cfwgkg/which_relational_database_do_you_believe_is_the/,False,False,False,False
1cfz3r0,To ETL or to ELT? that is the question.,51,56,AMDataLake,2024-04-29 13:27:24,https://www.reddit.com/r/dataengineering/comments/1cfz3r0/to_etl_or_to_elt_that_is_the_question/,False,False,False,False
1cge0dw,Poor man's Data Lake using Polars (¿?),27,19,Bavender-Lrown,2024-04-29 23:32:21,https://www.reddit.com/r/dataengineering/comments/1cge0dw/poor_mans_data_lake_using_polars/,False,False,False,False
1cg5afw,How difficult is data modelling?,17,17,mindmybusine55,2024-04-29 17:42:22,https://www.reddit.com/r/dataengineering/comments/1cg5afw/how_difficult_is_data_modelling/,False,False,False,False
1cftupd,Roast my Startup Idea - Tableau Version Control,15,29,NFeruch,2024-04-29 08:20:42,https://www.reddit.com/r/dataengineering/comments/1cftupd/roast_my_startup_idea_tableau_version_control/,False,False,False,False
1cg10cs,Designing 3 Layers of Medallion Architecture,14,9,One_Activity_5305,2024-04-29 14:49:21,https://www.reddit.com/r/dataengineering/comments/1cg10cs/designing_3_layers_of_medallion_architecture/,False,False,False,False
1cgbmcq,Does it make sense to use small parquet files?,11,10,Time_Simple_3250,2024-04-29 21:52:25,https://www.reddit.com/r/dataengineering/comments/1cgbmcq/does_it_make_sense_to_use_small_parquet_files/,False,False,False,False
1cgfixv,From people management back to data engineering,8,3,rmdcss,2024-04-30 00:40:48,https://www.reddit.com/r/dataengineering/comments/1cgfixv/from_people_management_back_to_data_engineering/,False,False,False,False
1cfxvzu,"Self-hosted Kafka or alternatives for hobby project gone prod, is it feasible?",9,8,edgraq,2024-04-29 12:28:50,https://www.reddit.com/r/dataengineering/comments/1cfxvzu/selfhosted_kafka_or_alternatives_for_hobby/,False,False,False,False
1cgewfh,What would you do to learn Data Modeling from scratch?,6,6,ubiond,2024-04-30 00:12:22,https://www.reddit.com/r/dataengineering/comments/1cgewfh/what_would_you_do_to_learn_data_modeling_from/,False,False,False,False
1cfyqhu,Considering Databricks for ETL Optimization,7,9,CrimsonMentone30,2024-04-29 13:10:12,https://www.reddit.com/r/dataengineering/comments/1cfyqhu/considering_databricks_for_etl_optimization/,False,False,False,False
1cfu7j4,Is anyone using Azure Workflow Orchestration Manager (managed Airflow) in production?,7,5,MayInvolveNoodles,2024-04-29 08:46:02,https://www.reddit.com/r/dataengineering/comments/1cfu7j4/is_anyone_using_azure_workflow_orchestration/,False,False,False,False
1cgarz0,15 YoE DBA struggling to transition to Data Engineering,5,4,sqldevmty,2024-04-29 21:18:23,https://www.reddit.com/r/dataengineering/comments/1cgarz0/15_yoe_dba_struggling_to_transition_to_data/,False,False,False,False
1cftql4,Is it possible to track my website's traffic while it is down?,4,6,RealityMX,2024-04-29 08:12:38,https://www.reddit.com/r/dataengineering/comments/1cftql4/is_it_possible_to_track_my_websites_traffic_while/,False,False,False,False
1cgexvz,How do you learn Big data from scratch?,3,3,ubiond,2024-04-30 00:14:17,https://www.reddit.com/r/dataengineering/comments/1cgexvz/how_do_you_learn_big_data_from_scratch/,False,False,False,False
1cfzuoy,EAV Database,4,2,judahcooper,2024-04-29 14:01:32,https://www.reddit.com/r/dataengineering/comments/1cfzuoy/eav_database/,False,False,False,False
1cfwz8v,How does FinOps look in your data team? ,3,5,prsrboi,2024-04-29 11:41:52,https://www.reddit.com/r/dataengineering/comments/1cfwz8v/how_does_finops_look_in_your_data_team/,False,False,False,False
1cfuwl8,Ways to create python web app to download API data ,4,1,kk-001,2024-04-29 09:34:09,https://www.reddit.com/r/dataengineering/comments/1cfuwl8/ways_to_create_python_web_app_to_download_api_data/,False,False,False,False
1cgii4w,What is your team definition of ‘a pipeline’?,3,7,nydasco,2024-04-30 03:04:44,https://www.reddit.com/r/dataengineering/comments/1cgii4w/what_is_your_team_definition_of_a_pipeline/,False,False,False,False
1cge00i,"Those who have worked in manufacturing, how do you expose data to users from a historian (Time series DB)?",3,7,TheOnlinePolak,2024-04-29 23:31:56,https://www.reddit.com/r/dataengineering/comments/1cge00i/those_who_have_worked_in_manufacturing_how_do_you/,False,False,False,False
1cgamcw,Prompt-Based Feature Engineering (Part 1) - Generative AI Generates Data,3,0,yin_se,2024-04-29 21:12:21,https://nqln.substack.com/p/prompt-based-feature-engineering,False,False,False,False
1cfyxv8,I built an open-source project that profiles your data using LLMs. Try it out for free!!,4,1,Willing-Site-8137,2024-04-29 13:19:52,https://www.reddit.com/r/dataengineering/comments/1cfyxv8/i_built_an_opensource_project_that_profiles_your/,False,False,False,False
1cglpy1,seeking expert advice on creating BI tables on RDS by join operations,3,0,Flimsy-Mirror974,2024-04-30 06:06:48,https://www.reddit.com/r/dataengineering/comments/1cglpy1/seeking_expert_advice_on_creating_bi_tables_on/,False,False,False,False
1cgirhu,"Not DE but perhaps useful for professionals here: tab-pal, a command-line app for creating and editing custom colour palettes in Tableau",2,1,Ok-Frosting7364,2024-04-30 03:18:20,https://www.reddit.com/r/dataengineering/comments/1cgirhu/not_de_but_perhaps_useful_for_professionals_here/,False,False,False,False
1cg9hpp,Storing documents for information retrieval,2,0,CaptainSnackbar,2024-04-29 20:28:26,https://www.reddit.com/r/dataengineering/comments/1cg9hpp/storing_documents_for_information_retrieval/,False,False,False,False
1cg4by8,Customer Journey Analysis using dbt,2,1,ephemeral404,2024-04-29 17:03:42,https://github.com/rudderlabs/dbt-customer-journey-analysis,False,False,False,False
1cgmfbc,Data Engineering and Aerospace Engineering,2,3,Karma-4U,2024-04-30 06:53:47,https://www.reddit.com/r/dataengineering/comments/1cgmfbc/data_engineering_and_aerospace_engineering/,False,False,False,False
1cgmfap,Mac or Windows? ,4,7,Chemical-Current6391,2024-04-30 06:53:45,https://www.reddit.com/r/dataengineering/comments/1cgmfap/mac_or_windows/,False,False,False,False
1cg4nbb,Rudderstack double counting sessions + unique users,1,0,waveyrico,2024-04-29 17:16:41,https://www.reddit.com/r/dataengineering/comments/1cg4nbb/rudderstack_double_counting_sessions_unique_users/,False,False,False,False
1cg3n5i,Trying to transition from DA to DE. Worth pursuing OMSCS after Bio undergrad?,1,8,pyschduck,2024-04-29 16:36:13,https://www.reddit.com/r/dataengineering/comments/1cg3n5i/trying_to_transition_from_da_to_de_worth_pursuing/,False,False,False,False
1cfx2jm,Data Products Speak Revenue. How?,0,1,growth_man,2024-04-29 11:46:57,https://moderndata101.substack.com/p/data-products-speak-revenue-how,False,False,False,False
